TIC,Sector,Plot 1,Plot 2,Teff,Tmag,log(g),CCD,Camera
114985772,1,114985772.jpg,114985772_flares.jpg,3261.0,11.1087,4.94334,1,1
117545157,1,117545157.jpg,117545157_flares.jpg,3014.0,14.1348,4.90618,3,2
129646813,1,129646813.jpg,129646813_flares.jpg,nan,13.032,4.94,1,1
139090254,1,139090254.jpg,139090254_flares.jpg,nan,10.882,nan,1,1
